{
  "version": 1,
  "editor": "wokwi",
  "parts": [
    { "type": "wokwi-perfboard", "id": "pcb_board", "top": 167.45, "left": -222.2, "attrs": {} },
    { "type": "wokwi-esp32-devkit-v1", "id": "esp", "top": 110.3, "left": 100.6, "attrs": {} },
    { "type": "wokwi-led", "id": "LED_L", "top": 114.4, "left": -277, "rotate": 270, "attrs": {} },
    {
      "type": "wokwi-resistor",
      "id": "R_L",
      "top": 167.45,
      "left": -222.2,
      "rotate": 180,
      "attrs": { "value": "1000" }
    },
    {
      "type": "wokwi-photoresistor-sensor",
      "id": "SENSOR_L",
      "top": 51.2,
      "left": -277.6,
      "attrs": {}
    },
    { "type": "wokwi-mpu6050", "id": "MPU", "top": 301.42, "left": -64.88, "attrs": {} },
    {
      "type": "wokwi-neopixel-matrix",
      "id": "MATRIX",
      "top": 21.12,
      "left": 677,
      "attrs": { "rows": "16", "cols": "16" }
    },
    { "type": "wokwi-power-jack", "id": "PWR", "top": -51.2, "left": 285.6, "attrs": {} },
    {
      "type": "wokwi-led",
      "id": "LED_L1",
      "top": -192.8,
      "left": 78.2,
      "rotate": 270,
      "attrs": {}
    },
    {
      "type": "wokwi-resistor",
      "id": "R_L1",
      "top": -139.75,
      "left": 133,
      "rotate": 180,
      "attrs": { "value": "1000" }
    },
    {
      "type": "wokwi-photoresistor-sensor",
      "id": "SENSOR_L1",
      "top": -256,
      "left": 77.6,
      "attrs": {}
    },
    { "type": "wokwi-led", "id": "LED_L2", "top": 114.4, "left": 443, "rotate": 270, "attrs": {} },
    {
      "type": "wokwi-resistor",
      "id": "R_L2",
      "top": 167.45,
      "left": 497.8,
      "rotate": 180,
      "attrs": { "value": "1000" }
    },
    {
      "type": "wokwi-photoresistor-sensor",
      "id": "SENSOR_L2",
      "top": 51.2,
      "left": 442.4,
      "attrs": {}
    },
    {
      "type": "wokwi-led",
      "id": "LED_L3",
      "top": 584.8,
      "left": 68.6,
      "rotate": 270,
      "attrs": {}
    },
    {
      "type": "wokwi-resistor",
      "id": "R_L3",
      "top": 637.85,
      "left": 123.4,
      "rotate": 180,
      "attrs": { "value": "1000" }
    },
    {
      "type": "wokwi-photoresistor-sensor",
      "id": "SENSOR_L3",
      "top": 521.6,
      "left": 68,
      "attrs": {}
    },
    {
      "type": "wokwi-pushbutton",
      "id": "btn1",
      "top": -61,
      "left": -163.2,
      "attrs": { "color": "green", "xray": "1" }
    }
  ],
  "connections": [
    [ "R_L:1", "esp:GPIO12", "green", [] ],
    [ "R_L:2", "LED_L:A", "green", [] ],
    [ "LED_L:C", "SENSOR_L:GND", "black", [] ],
    [ "SENSOR_L:DO", "esp:GPIO34", "blue", [] ],
    [ "SENSOR_L:VCC", "esp:3V3", "red", [ "h345.6", "v191.3" ] ],
    [ "SENSOR_L:GND", "esp:GND.1", "black", [ "h336", "v182.1" ] ],
    [ "MPU:VCC", "esp:VIN", "red", [] ],
    [ "MPU:GND", "esp:GND.2", "black", [] ],
    [ "MPU:SCL", "esp:GPIO22", "purple", [] ],
    [ "MPU:SDA", "esp:GPIO21", "orange", [] ],
    [ "MATRIX:VCC", "esp:VIN", "red", [] ],
    [ "MATRIX:GND", "esp:GND.2", "black", [ "h-950.4", "v-134.3" ] ],
    [ "MATRIX:DIN", "esp:GPIO27", "green", [] ],
    [ "PWR:GND", "esp:GND.2", "black", [] ],
    [ "PWR:VOUT", "esp:VIN", "red", [] ],
    [ "R_L1:2", "LED_L1:A", "green", [] ],
    [ "LED_L1:C", "SENSOR_L1:GND", "black", [] ],
    [ "R_L2:2", "LED_L2:A", "green", [] ],
    [ "LED_L2:C", "SENSOR_L2:GND", "black", [] ],
    [ "R_L3:2", "LED_L3:A", "green", [] ],
    [ "LED_L3:C", "SENSOR_L3:GND", "black", [] ],
    [ "R_L:1", "esp:D13", "green", [ "v0" ] ],
    [ "SENSOR_L:AO", "esp:D35", "yellow", [ "h48", "v66.2" ] ],
    [ "R_L3:1", "esp:D12", "green", [ "v-192", "h-307.2", "v-210.5" ] ],
    [ "SENSOR_L3:AO", "esp:D34", "yellow", [ "h-201.6", "v-403.7" ] ],
    [ "R_L1:1", "esp:D18", "green", [ "v153.6", "h124.8", "v172.8" ] ],
    [ "SENSOR_L1:AO", "esp:D32", "yellow", [ "h-240", "v393" ] ],
    [ "R_L2:1", "esp:D19", "green", [ "v0" ] ],
    [ "SENSOR_L2:AO", "esp:D33", "yellow", [ "h-595.2", "v95.3" ] ],
    [ "SENSOR_L3:VCC", "esp:3V3", "red", [ "h0" ] ],
    [ "SENSOR_L2:VCC", "esp:3V3", "red", [ "h-201.6", "v201.6" ] ],
    [ "SENSOR_L1:VCC", "esp:3V3", "red", [ "v508.8", "h-47.7" ] ],
    [ "SENSOR_L1:GND", "esp:GND.1", "black", [ "h-19.2", "v489.3" ] ],
    [ "SENSOR_L2:GND", "esp:GND.1", "black", [ "h-384", "v182.1" ] ],
    [ "SENSOR_L3:GND", "esp:GND.1", "black", [ "v-288.4", "h-38.1" ] ],
    [ "MATRIX:VCC", "MATRIX:DIN", "red", [ "v0" ] ],
    [ "MATRIX:DIN", "esp:D27", "green", [ "h-412.8", "v-162.9" ] ],
    [ "MPU:SCL", "esp:D22", "gray", [ "v0" ] ],
    [ "MPU:SDA", "esp:D21", "blue", [ "v0" ] ],
    [ "btn1:1.r", "esp:GND.2", "black", [ "v0" ] ],
    [ "btn1:2.r", "esp:D4", "green", [ "h0" ] ]
  ],
  "dependencies": {}
}